,gene_name,average_gene_expression,average_log_gene_expression,
234,TGFBI,2.001941754098156,1.0014000000000003,
49,CPEB2,2.0045661128749526,1.0032899999999998,
129,LPCAT2,2.004989942775854,1.0035950000000007,
116,KDM1B,2.0065331623409097,1.0047049999999995,
171,PLA2G4A,2.006540116466981,1.0047099999999998,
275,PUDP,2.0072634771866587,1.00523,
190,RC3H1,2.0093724477919044,1.0067449999999996,
86,GPBAR1,2.0094769098206813,1.0068200000000003,
111,INVS,2.0113442136393624,1.0081599999999997,
166,PELI2,2.011567291220514,1.0083200000000003,
252,VAMP4,2.0115672912205125,1.0083199999999994,
229,SULF2,2.0121948295735117,1.0087700000000002,
202,S100A10,2.0142042681780237,1.0102100000000007,
147,MS4A14,2.017096352304007,1.0122799999999996,
11,APP,2.022332196985491,1.0160199999999993,
33,CD302,2.0225845320215345,1.0162000000000013,
85,GAPT,2.023103319587326,1.0165699999999998,
186,RAB20,2.023271603589399,1.0166900000000005,
148,MYO15B,2.023313676777067,1.0167200000000003,
37,CDCA4,2.024688548775675,1.0176999999999996,
62,DNAJB9,2.0258396697526115,1.0185200000000005,
224,SOCS3,2.0294094921747816,1.0210599999999994,
0,ACOX1,2.0294235590182113,1.02107,
59,CYCS,2.031267158782561,1.02238,
84,GADD45B,2.034832440792611,1.0249100000000002,
153,NEAT1,2.0381637993648862,1.0272699999999997,
50,CPVL,2.042024251414386,1.0299999999999994,
138,MCTP1,2.042378137913555,1.0302499999999997,
120,KLHL15,2.0424630797987358,1.03031,
27,CAHM,2.046955870197406,1.0334799999999995,
221,SLITRK4,2.048020278112808,1.03423,
114,JUNB,2.0488580012915287,1.034819999999999,
160,NT5C3B,2.053379091439997,1.0379999999999994,
230,TBC1D12,2.054703181519077,1.0389300000000006,
46,CLEC7A,2.0566125117922227,1.0402700000000005,
219,SLC2A3,2.0587376564110724,1.04176,
176,PLSCR1,2.0596511442634937,1.0423999999999989,
17,ASPHD2,2.0597296660363287,1.0424549999999995,
52,CRYBG3,2.0615079144963007,1.0436999999999994,
106,IL13RA1,2.062008100106264,1.0440500000000004,
142,MICAL2,2.0635880540807023,1.0451550000000003,
54,CTSB,2.064396371536771,1.045720000000001,
35,CD36,2.0668876927088418,1.047460000000001,
256,WDFY3,2.0679409641594693,1.0481949999999998,
6,ALOX5,2.068758156428534,1.0487650000000004,
158,NINJ1,2.0795336065250143,1.05626,
180,PSTPIP2,2.085162760809573,1.0601600000000007,
123,LAIR2,2.086044595,1.0607700000000007,
45,CLEC5A,2.087997522372185,1.0621199999999993,
227,STK17B,2.0881277824987774,1.0622100000000003,
247,TUBB6,2.089952277763577,1.0634699999999997,
141,MEX3C,2.0900681725391403,1.0635500000000002,
132,MAFB,2.0901043909744725,1.0635750000000002,
210,SGMS2,2.090213050046251,1.06365,
21,BCL6,2.0932868174994868,1.0657700000000006,
208,SFT2D2,2.0937076369912364,1.0660600000000002,
266,ZNF593,2.096292451869182,1.0678400000000003,
253,VAV3,2.096757475984945,1.0681599999999998,
91,HBD,2.103307813354482,1.0726600000000008,
223,SMCO4,2.1036139950329233,1.07287,
40,CFP,2.103774393699801,1.0729800000000003,
195,RHOU,2.104780809800486,1.07367,
136,MB21D2,2.1072478341516265,1.0753599999999999,
61,DIAPH2,2.107686069582791,1.07566,
30,CCNC,2.108380128746148,1.0761350000000007,
152,NDST2,2.1085189680027785,1.0762299999999998,
273,ADGRD1,2.111107435275934,1.0780000000000003,
258,WWC2,2.113391431,1.0795599999999994,
131,DNAAF11,2.123111294524788,1.0861799999999997,
149,NAGA,2.127663500196172,1.08927,
177,PLXND1,2.1278552307487044,1.0894000000000004,
188,RASGEF1B,2.128762497977511,1.0900149999999993,
179,PRKX,2.135849510539822,1.0948099999999998,
244,TRIQK,2.135879119906385,1.09483,
178,PMAIP1,2.1376416162217953,1.0960199999999993,
199,RNF144B,2.1381084027610355,1.0963349999999998,
257,WLS,2.1395983555911373,1.09734,
196,RIPK2,2.139857906232012,1.0975149999999996,
217,SLC22A4,2.1407109371854105,1.09809,
77,FEM1B,2.1442304990582484,1.10046,
274,TIGAR,2.1487981979665367,1.1035300000000001,
82,FXYD6,2.1507949659119805,1.10487,
204,SASH1,2.1608965398498943,1.11163,
18,ATG13,2.1626347089834614,1.1127899999999995,
101,IER2,2.164449289051428,1.113999999999999,
150,NAIP,2.1666483183922964,1.1154650000000004,
74,ETV3,2.170804794239747,1.1182300000000005,
161,OLFM1,2.171421803670951,1.11864,
218,SLC24A4,2.1727015282907436,1.1194900000000008,
130,LRRC25,2.1741477712788093,1.12045,
155,NFE2L3,2.1789075728127107,1.123605,
243,TPM3,2.181136409861424,1.1250800000000005,
237,TMEM200A,2.1847072923236004,1.1274400000000004,
154,NEK3,2.1860175750895006,1.1283050000000001,
151,NCEH1,2.1881626800456475,1.1297199999999998,
25,C9orf72,2.188693596020851,1.13007,
250,UBXN11,2.1892246408126987,1.13042,
1,ACP3,2.196429205860816,1.13516,
124,LILRA5,2.196429205860816,1.13516,
71,EPS8,2.1971144146392345,1.1356099999999998,
89,GRHPR,2.1974190204847903,1.1358100000000002,
110,IL1RN,2.2000403746342614,1.1375300000000004,
239,TMTC2,2.200734337121309,1.1379850000000005,
104,IGFBP7,2.2120592060373414,1.14539,
126,LILRB3,2.2157805430347874,1.1478149999999996,
97,HLA-DQB1,2.231764810476616,1.1581850000000005,
58,CYBRD1,2.234868584407174,1.16019,
212,SIGLEC5,2.246143343459528,1.1674499999999997,
164,OSCAR,2.248511090597408,1.1689699999999998,
170,PIM3,2.249820653065856,1.16981,
63,DUSP2,2.2508501300450026,1.17047,
278,PRAC1,2.2551759536125373,1.1732399999999998,
222,SMAD7,2.257631464564786,1.17481,
67,EMILIN2,2.2579444604363874,1.1750100000000003,
107,IL15,2.258171409577419,1.1751550000000002,
2,AKAP8L,2.263397540293001,1.17849,
94,HLA-DPA1,2.264982651379252,1.179499999999999,
261,ZBED6,2.2672288162597067,1.18093,
28,CAMSAP2,2.2714916467573127,1.1836400000000005,
268,NRROS,2.273696986,1.1850399999999999,
139,MEFV,2.274595487,1.18561,
29,CAPG,2.2768985312754557,1.1870700000000003,
112,IRAK3,2.2792986986540718,1.1885899999999996,
9,AOAH,2.2814799892009194,1.1899700000000006,
39,TMEM121B,2.284629149448814,1.19196,
181,PTGDR,2.289511799063311,1.1950400000000005,
220,SLC31A2,2.2899561934077575,1.1953199999999997,
215,SLC15A3,2.3007751518395994,1.2021199999999999,
5,ALMS1-IT1,2.3019396327679473,1.2028499999999998,
144,MIR22HG,2.3055005341488033,1.2050799999999988,
263,ZFP36,2.307450981178089,1.2063000000000006,
225,SORT1,2.307514958190669,1.20634,
213,SIGLEC9,2.3160557805087914,1.2116700000000002,
173,PLAGL1,2.3229208542800697,1.2159399999999998,
265,ZNF516,2.323275109018936,1.2161600000000004,
211,SIGLEC16,2.3295963496066663,1.2200799999999998,
194,RGS2,2.3310823962691165,1.2209999999999983,
87,GPD2,2.3326178958001362,1.2219499999999996,
98,HLX,2.3326340643313497,1.2219599999999993,
235,TLR4,2.3405295829467065,1.2268350000000003,
121,KPTN,2.3449546139750126,1.2295600000000002,
105,IL10RB-DT,2.3501127926854077,1.23273,
47,CMTM4,2.3506341221985627,1.23305,
19,BCAT1,2.3619443931270148,1.2399750000000003,
267,ZNF731P,2.370201971,1.2450099999999997,
3,ALDH1A1,2.379700478754223,1.2507800000000007,
191,RETN,2.387134739107562,1.25528,
185,QPCT,2.3902806180387794,1.25718,
231,TBXAS1,2.3992275605050315,1.2625700000000002,
146,MRC1,2.4012739446424685,1.2637999999999998,
137,MCRS1,2.40145704,1.26391,
242,TPBG,2.4134551216051956,1.2711000000000001,
134,MTARC1,2.415798289791741,1.2725,
51,CREB5,2.4263539125129383,1.2787900000000008,
4,ALDH3B1,2.4294335966105396,1.2806200000000008,
157,NFKBIE,2.4315900155483803,1.2819000000000003,
232,TDRD9,2.440945358165744,1.2874400000000001,
133,MAFF,2.445797566526252,1.290305,
41,CHST7,2.446145127244945,1.2905099999999994,
228,STX11,2.4555734901370125,1.2960599999999998,
99,ICAM1,2.4556075318497985,1.29608,
79,FLT3,2.4646452389250673,1.30138,
125,LILRB2,2.4653543110924914,1.3017950000000003,
143,MILR1,2.4757746439646016,1.30788,
48,COLEC12,2.477834792094345,1.3090800000000002,
245,TSHZ3,2.4901454276962482,1.31623,
95,HLA-DPB2,2.492632162221017,1.3176700000000006,
75,F2RL1,2.5016500701692834,1.3228799999999996,
169,PID1,2.514845900027465,1.33047,
57,CXCL16,2.527655765,1.3377999999999997,
32,CD163,2.532144962803974,1.3403600000000004,
31,CD160,2.5324258022394077,1.3405199999999997,
118,KLF10,2.544178687097873,1.3472000000000008,
122,KRAS,2.5543566956033046,1.3529600000000004,
68,ENC1,2.5713482241593812,1.3625249999999998,
165,OTUD1,2.5774420659389268,1.365940000000001,
12,ARL4A,2.5812144374288706,1.3680499999999993,
102,IER3,2.592438923,1.3743099999999995,
226,SRD5A1,2.5925647119316304,1.3743799999999995,
7,ANG,2.595981316185874,1.3762800000000004,
88,GPR137B,2.6013490614749597,1.3792600000000004,
60,DACT1,2.6014031555704116,1.3792899999999992,
24,C5AR1,2.606926666370865,1.3823499999999997,
64,DUSP5,2.6260238152435145,1.39288,
214,SKIL,2.627680738865704,1.39379,
251,USP46,2.631134501846067,1.3956850000000003,
73,ETS2,2.642713446850086,1.4020200000000003,
78,FGD4,2.6641217225184657,1.4136600000000001,
92,HBEGF,2.674946430795605,1.4195099999999994,
34,CD33,2.6910141928340576,1.4281500000000005,
277,NLRP3,2.6961111979222627,1.4308800000000002,
162,OLFM4,2.7065217841341016,1.4364400000000002,
167,PF4V1,2.726499706206796,1.447049999999999,
69,ENTPD1,2.7272746612084493,1.4474599999999995,
168,PFKFB3,2.7404066668202693,1.454390000000001,
207,SERTAD3,2.7465679794601807,1.45763,
200,RNPEP,2.756046061786533,1.462600000000001,
175,PLK2,2.7609983007060994,1.4651899999999998,
115,KANSL1-AS1,2.7861250267198434,1.4782599999999997,
20,BCKDK,2.7878636442027336,1.4791599999999994,
189,RBP7,2.7925826892614767,1.4816000000000003,
42,CLEC12B,2.7997247536406547,1.4852850000000002,
172,PLA2G7,2.8539894464667506,1.5129799999999998,
249,UBE2E2,2.8542861971040994,1.5131300000000003,
156,NFIL3,2.854840214184923,1.5134100000000004,
174,PLAUR,2.9038763032553065,1.5379800000000001,
276,PHACTR1,2.911656167089335,1.5418399999999997,
90,GZF1,2.9122616919237236,1.5421400000000007,
255,VSTM1,2.9309127068372165,1.5513500000000002,
145,MPO,2.9585904462642643,1.5649100000000002,
13,ARRDC4,2.9940119922600057,1.5820800000000004,
55,CTSG,2.9961503051845773,1.5831100000000005,
53,CSRNP1,2.9990799867177933,1.5845200000000004,
10,APOBEC3A,3.080298150316964,1.6230699999999985,
201,RPH3A,3.092063612739336,1.6285699999999999,
44,CLEC4E,3.101787817484913,1.6330999999999998,
117,KIR3DS1,3.1345753278602024,1.6482699999999997,
272,ADGRE1,3.1666995634033146,1.6629800000000001,
205,SERAC1,3.167588659,1.6633850000000003,
260,MAP3K20,3.196293743753118,1.6764000000000001,
36,CD83,3.207723968180152,1.6815499999999997,
128,MIR23AHG,3.2155599791309406,1.6850699999999996,
14,ARSD,3.221862667,1.6878950000000001,
43,CLEC4D,3.254328753586817,1.7023600000000005,
238,TMEM51,3.2604927233867134,1.7050899999999998,
248,TXNL1,3.348302794679796,1.74343,
113,JUN,3.3611618164477552,1.7489600000000012,
264,ZG16B,3.392103052931917,1.7621799999999999,
206,SERPINB2,3.393608171820364,1.76282,
254,VIM,3.3975622871248476,1.7645,
271,EGR1,3.477474655093595,1.7980400000000003,
66,EGR3,3.510070481881688,1.8115,
26,CACNA2D3,3.5970893605178285,1.8468299999999997,
198,RNASE4,3.621330876277313,1.8565199999999997,
72,EREG,3.637355662119405,1.8628899999999997,
15,ASGR1,3.651223544944895,1.8683800000000002,
262,ZFAND5,3.657987131976121,1.8710500000000003,
270,CES1,3.756814807604532,1.9095099999999992,
8,ANXA1,3.828024331923611,1.9366000000000003,
203,SAMSN1,3.8702586898906595,1.9524300000000006,
209,SGK1,3.9107627057850625,1.9674499999999995,
197,RNASE2,3.913582885667887,1.96849,
269,SHTN1,3.9601360643513748,1.98555,
56,CXCL1,3.979452621567046,1.9925699999999997,
119,KLF4,4.004591267287647,2.0016549999999995,
127,ATP2B1-AS1,4.007492998926982,2.002699999999999,
216,SLC22A16,4.009674151519688,2.0034850000000004,
163,OR52K3P,4.032934570649851,2.01183,
135,MARCO,4.066168497220291,2.02367,
100,ID1,4.2097950537345215,2.0737499999999995,
80,FOS,4.337909635372256,2.117000000000001,
76,FCAR,4.386803242948109,2.1331700000000007,
192,RGCC,4.396788086013586,2.13645,
241,TP53I3,4.443634018432738,2.15174,
236,TMEM176A,4.524567836657314,2.1777800000000003,
22,BPI,4.629094453070811,2.21073,
38,CEBPD,4.764120816742792,2.25221,
140,METRNL,4.780428692613318,2.2571399999999997,
108,IL18,4.925567655441426,2.3002900000000004,
240,TNNT1,4.933118694280136,2.3025,
93,H4C8,5.041768932242703,2.3339300000000005,
83,G0S2,5.204176889635015,2.37967,
184,PTX3,5.220398719397217,2.38416,
70,EPB41L3,5.360026004407591,2.4222400000000004,
233,TFEC,5.573988399771076,2.4787100000000004,
183,PTPRE,5.796773035412346,2.5352500000000004,
187,RABGEF1,6.230811189549966,2.6394200000000003,
16,ASGR2,6.233316637283997,2.6399999999999997,
279,CXCL8,6.397485622488009,2.677505,
193,RGS1,6.559928089581743,2.71368,
65,EGR2,6.821930229355273,2.7701800000000008,
182,PTGS2,7.365303626524245,2.880745,
23,BABAM2-AS1,9.277718028594625,3.213770000000001,
109,IL1B,9.592786843910007,3.2619500000000006,
246,TSIX,13.244853672801726,3.7273599999999996,
96,HLA-DQA1,14.380281377424524,3.84602,
159,NR4A2,15.706501910437249,3.9732900000000004,
103,IFI27,20.92694773572633,4.38729,
81,FOSB,28.358906515623385,4.825729999999999,
259,XIST,169.0182240078724,7.401035,
